{
  "methodology": "CORRECTED_BLOCK_LEVEL_ANALYSIS_WITH_DUAL_VALIDATION",
  "baseCandles": [
    {
      "timestamp": 1737949500,
      "open": 22940.15,
      "high": 23007.45,
      "low": 22826.85,
      "close": 22842,
      "volume": 0
    },
    {
      "timestamp": 1737955500,
      "open": 22842.15,
      "high": 22943.7,
      "low": 22838.85,
      "close": 22916,
      "volume": 0
    },
    {
      "timestamp": 1737961500,
      "open": 22916.25,
      "high": 22920.4,
      "low": 22822.4,
      "close": 22834.9,
      "volume": 0
    },
    {
      "timestamp": 1737967500,
      "open": 22835.1,
      "high": 22857.9,
      "low": 22786.9,
      "close": 22816.85,
      "volume": 0
    }
  ],
  "oneMinuteData": {
    "C1A": [
      {
        "timestamp": 1737949500,
        "open": 22940.15,
        "high": 22963.85,
        "low": 22910.85,
        "close": 22963.2,
        "volume": 0
      },
      {
        "timestamp": 1737950100,
        "open": 22961.7,
        "high": 22989.65,
        "low": 22945.75,
        "close": 22982.05,
        "volume": 0
      },
      {
        "timestamp": 1737950700,
        "open": 22981.6,
        "high": 23007.45,
        "low": 22965.3,
        "close": 22994,
        "volume": 0
      },
      {
        "timestamp": 1737951300,
        "open": 22995.45,
        "high": 23005.4,
        "low": 22969.8,
        "close": 22969.8,
        "volume": 0
      },
      {
        "timestamp": 1737951900,
        "open": 22969.25,
        "high": 22991.9,
        "low": 22960.3,
        "close": 22979.05,
        "volume": 0
      },
      {
        "timestamp": 1737952500,
        "open": 22978.2,
        "high": 22999.15,
        "low": 22962.7,
        "close": 22970.7,
        "volume": 0
      },
      {
        "timestamp": 1737953100,
        "open": 22971.25,
        "high": 22971.25,
        "low": 22889.8,
        "close": 22904.7,
        "volume": 0
      },
      {
        "timestamp": 1737953700,
        "open": 22904.3,
        "high": 22907.65,
        "low": 22841.7,
        "close": 22852.35,
        "volume": 0
      },
      {
        "timestamp": 1737954300,
        "open": 22852.5,
        "high": 22867.25,
        "low": 22826.85,
        "close": 22861.25,
        "volume": 0
      },
      {
        "timestamp": 1737954900,
        "open": 22861.75,
        "high": 22886.65,
        "low": 22838.3,
        "close": 22842,
        "volume": 0
      }
    ],
    "C1B": [
      {
        "timestamp": 1737955500,
        "open": 22842.15,
        "high": 22866.9,
        "low": 22838.85,
        "close": 22843.65,
        "volume": 0
      },
      {
        "timestamp": 1737956100,
        "open": 22844.15,
        "high": 22870.35,
        "low": 22842.8,
        "close": 22864.5,
        "volume": 0
      },
      {
        "timestamp": 1737956700,
        "open": 22864.55,
        "high": 22903.5,
        "low": 22862.95,
        "close": 22879.2,
        "volume": 0
      },
      {
        "timestamp": 1737957300,
        "open": 22878.4,
        "high": 22909.5,
        "low": 22870.45,
        "close": 22893,
        "volume": 0
      },
      {
        "timestamp": 1737957900,
        "open": 22893.1,
        "high": 22897.5,
        "low": 22856.25,
        "close": 22866.9,
        "volume": 0
      },
      {
        "timestamp": 1737958500,
        "open": 22867.3,
        "high": 22901.4,
        "low": 22864.7,
        "close": 22891.75,
        "volume": 0
      },
      {
        "timestamp": 1737959100,
        "open": 22892.4,
        "high": 22939.95,
        "low": 22890.75,
        "close": 22939.5,
        "volume": 0
      },
      {
        "timestamp": 1737959700,
        "open": 22939.4,
        "high": 22941.65,
        "low": 22867,
        "close": 22881.55,
        "volume": 0
      },
      {
        "timestamp": 1737960300,
        "open": 22882,
        "high": 22936.55,
        "low": 22882,
        "close": 22936,
        "volume": 0
      },
      {
        "timestamp": 1737960900,
        "open": 22938,
        "high": 22943.7,
        "low": 22912.7,
        "close": 22916,
        "volume": 0
      }
    ],
    "C2A": [
      {
        "timestamp": 1737961500,
        "open": 22916.25,
        "high": 22920.4,
        "low": 22862.6,
        "close": 22866.3,
        "volume": 0
      },
      {
        "timestamp": 1737962100,
        "open": 22866.75,
        "high": 22877.2,
        "low": 22840.55,
        "close": 22857.65,
        "volume": 0
      },
      {
        "timestamp": 1737962700,
        "open": 22856.3,
        "high": 22878.2,
        "low": 22847.5,
        "close": 22858.85,
        "volume": 0
      },
      {
        "timestamp": 1737963300,
        "open": 22859.25,
        "high": 22885.85,
        "low": 22855.7,
        "close": 22885.45,
        "volume": 0
      },
      {
        "timestamp": 1737963900,
        "open": 22885.95,
        "high": 22892.35,
        "low": 22860.4,
        "close": 22866.1,
        "volume": 0
      },
      {
        "timestamp": 1737964500,
        "open": 22861.9,
        "high": 22870.25,
        "low": 22840.7,
        "close": 22862.2,
        "volume": 0
      },
      {
        "timestamp": 1737965100,
        "open": 22862.5,
        "high": 22867.3,
        "low": 22827.95,
        "close": 22861.45,
        "volume": 0
      },
      {
        "timestamp": 1737965700,
        "open": 22862.1,
        "high": 22870.05,
        "low": 22840.15,
        "close": 22843.4,
        "volume": 0
      },
      {
        "timestamp": 1737966300,
        "open": 22843.25,
        "high": 22878.6,
        "low": 22838.75,
        "close": 22839.4,
        "volume": 0
      },
      {
        "timestamp": 1737966900,
        "open": 22839.3,
        "high": 22850.9,
        "low": 22822.4,
        "close": 22834.9,
        "volume": 0
      }
    ],
    "C2B": [
      {
        "timestamp": 1737967500,
        "open": 22835.1,
        "high": 22857.9,
        "low": 22831.25,
        "close": 22845.2,
        "volume": 0
      },
      {
        "timestamp": 1737968100,
        "open": 22841.75,
        "high": 22850.95,
        "low": 22805.2,
        "close": 22811.8,
        "volume": 0
      },
      {
        "timestamp": 1737968700,
        "open": 22812.4,
        "high": 22820.05,
        "low": 22799.7,
        "close": 22806.85,
        "volume": 0
      },
      {
        "timestamp": 1737969300,
        "open": 22806.6,
        "high": 22827.8,
        "low": 22786.9,
        "close": 22826.85,
        "volume": 0
      },
      {
        "timestamp": 1737969900,
        "open": 22826.5,
        "high": 22833.35,
        "low": 22815.6,
        "close": 22816.7,
        "volume": 0
      },
      {
        "timestamp": 1737970500,
        "open": 22817.25,
        "high": 22843.3,
        "low": 22814.6,
        "close": 22835.7,
        "volume": 0
      },
      {
        "timestamp": 1737971100,
        "open": 22835.5,
        "high": 22838.4,
        "low": 22820.45,
        "close": 22821.75,
        "volume": 0
      },
      {
        "timestamp": 1737971700,
        "open": 22821.6,
        "high": 22829.4,
        "low": 22814.35,
        "close": 22816.85,
        "volume": 0
      }
    ]
  },
  "blockAnalysis": {
    "C1": {
      "high": {
        "price": 23007.45,
        "timestamp": 1737950700,
        "sourceCandle": "C1A"
      },
      "low": {
        "price": 22826.85,
        "timestamp": 1737954300,
        "sourceCandle": "C1A"
      }
    },
    "C2": {
      "high": {
        "price": 22920.4,
        "timestamp": 1737961500,
        "sourceCandle": "C2A"
      },
      "low": {
        "price": 22786.9,
        "timestamp": 1737969300,
        "sourceCandle": "C2B"
      }
    }
  },
  "slopeAnalysis": {
    "C1_to_C2_trends": {
      "uptrend": {
        "pointA": {
          "price": 22826.85,
          "timestamp": 1737954300,
          "block": "C1"
        },
        "pointB": {
          "price": 22920.4,
          "timestamp": 1737961500,
          "block": "C2"
        },
        "slope": 779.5833333333576,
        "durationMinutes": 0.12
      },
      "downtrend": {
        "pointA": {
          "price": 23007.45,
          "timestamp": 1737950700,
          "block": "C1"
        },
        "pointB": {
          "price": 22786.9,
          "timestamp": 1737969300,
          "block": "C2"
        },
        "slope": -711.4516129032235,
        "durationMinutes": 0.31
      }
    },
    "trendStrengthRatio": 1.0957643769364844
  },
  "dualValidation": {
    "validationResults": {
      "uptrend": {
        "total4CandleDuration": "0.30",
        "pointAToPointBDuration": "0.12",
        "pointATo5thDuration": "10.22",
        "pointBTo5thDuration": "10.10",
        "timeFromPointBRequired": "0.03",
        "timeFromPointBActual": "10.10",
        "validation1_50percent": true,
        "validation2_34percent": true,
        "canPlaceOrders": true,
        "requiredFor34Percent": "0.04",
        "minutesNeededFromB": "0.00",
        "slopeRate": "779.583",
        "breakoutPrice": "22920.40",
        "duration5thFromBToBreakout": "10.10",
        "target5thPrice": "30794.19",
        "exit5thPrice": "29219.43",
        "duration6thFromBToBreakout": "20.10",
        "target6thPrice": "38590.03",
        "exit6thPrice": "35456.10",
        "tradeValidityDeadline": "30.10",
        "tradeValidRule": "Cancel SL orders if both 5th and 6th candles fail to break breakout line by 6th candle close",
        "realBreakoutValidation": {
          "fifthCandle": null,
          "sixthCandle": null,
          "fifthCandleBrokeBreakout": false,
          "sixthCandleBrokeBreakout": false,
          "fifthBreakoutTimestamp": null,
          "sixthBreakoutTimestamp": null,
          "fifthBreakoutPrice": null,
          "sixthBreakoutPrice": null,
          "tradeIsValid": false,
          "currentTime": "2025-07-27T17:31:56.501Z",
          "breakoutPrice": 22920.4,
          "trendType": "uptrend"
        },
        "exitAt80Percent": true
      },
      "downtrend": {
        "total4CandleDuration": "0.30",
        "pointAToPointBDuration": "0.31",
        "pointATo5thDuration": "10.28",
        "pointBTo5thDuration": "9.97",
        "timeFromPointBRequired": "-0.16",
        "timeFromPointBActual": "9.97",
        "validation1_50percent": true,
        "validation2_34percent": true,
        "canPlaceOrders": true,
        "requiredFor34Percent": "0.11",
        "minutesNeededFromB": "0.00",
        "slopeRate": "-711.452",
        "breakoutPrice": "22786.90",
        "duration5thFromBToBreakout": "9.97",
        "target5thPrice": "15693.73",
        "exit5thPrice": "17112.36",
        "duration6thFromBToBreakout": "19.97",
        "target6thPrice": "8579.21",
        "exit6thPrice": "11420.75",
        "tradeValidityDeadline": "29.97",
        "tradeValidRule": "Cancel SL orders if both 5th and 6th candles fail to break breakout line by 6th candle close",
        "realBreakoutValidation": {
          "fifthCandle": null,
          "sixthCandle": null,
          "fifthCandleBrokeBreakout": false,
          "sixthCandleBrokeBreakout": false,
          "fifthBreakoutTimestamp": null,
          "sixthBreakoutTimestamp": null,
          "fifthBreakoutPrice": null,
          "sixthBreakoutPrice": null,
          "tradeIsValid": false,
          "currentTime": "2025-07-27T17:31:56.502Z",
          "breakoutPrice": 22786.9,
          "trendType": "downtrend"
        },
        "exitAt80Percent": true
      }
    },
    "summary": {
      "total4CandleDuration": 0.3,
      "rulesApplied": [
        "50% breakout rule from Point B perspective",
        "34% SL order rule",
        "5th & 6th candle target calculations with 80% exit",
        "Trade validity: Cancel if both 5th & 6th fail to break by 6th close"
      ],
      "timestamp": "2025-07-27T17:31:56.503Z"
    }
  },
  "analysisTimestamp": "2025-07-27T17:31:56.503Z"
}